{"charts":[{"url":"","filter":{"logicalOperator":"AND","parts":[],"expr":"1=1"},"description":"","symbol":{"color":[0,0,128,0],"size":0.75,"angle":0,"xoffset":0,"yoffset":0,"type":"esriSMS","style":"esriSMSCircle","outline":{"color":[0,0,128,255],"width":0,"type":"esriSLS","style":"esriSLSSolid"}},"webMapLayerId":"Bike_Trip_4104","mode":"feature","name":"Bike Trip Data","highLightColor":"#ff0000","types":[{"type":"column","display":{"colors":["#eb7b3a","#febf29","#72ad4c","#9c4618","#987214","44682e"],"showHorizontalAxis":true,"showVerticalAxis":true}}],"labelField":"Location","valueFields":["F2013","F2014","F2015"],"sortOrder":{"isLabelAxis":true,"isAsc":true}}]}
