{"charts":[{"url":"","filter":{"logicalOperator":"AND","parts":[],"expr":"1=1"},"description":"","symbol":{"color":[0,0,128,0],"size":0.75,"angle":0,"xoffset":0,"yoffset":0,"type":"esriSMS","style":"esriSMSCircle","outline":{"color":[0,0,128,255],"width":0,"type":"esriSLS","style":"esriSLSSolid"}},"webMapLayerId":"CollsionTheftData_6189","mode":"feature","name":"Collsion Theft Data","highLightColor":"#ff0000","types":[{"type":"bar","display":{"colors":["#72ad4c","#4673c2","#febf29","#44682e","#274577","#987214"],"showHorizontalAxis":true,"showVerticalAxis":true}}],"labelField":"Type","valueFields":["F2010","F2011","F2012"],"sortOrder":{"isLabelAxis":true,"isAsc":true}}]}
