{"charts":[{"url":"","filter":{"logicalOperator":"AND","parts":[],"expr":"1=1"},"description":"","symbol":{"color":[0,0,128,0],"size":0.75,"angle":0,"xoffset":0,"yoffset":0,"type":"esriSMS","style":"esriSMSCircle","outline":{"color":[0,0,128,255],"width":0,"type":"esriSLS","style":"esriSLSSolid"}},"webMapLayerId":"Collsion_Type_Data_2964","mode":"feature","name":"Collsion Type Data","highLightColor":"#ff0000","types":[{"type":"pie","display":{"colors":["#5d9cd3","#eb7b3a","#a5a5a5","#febf29","#4673c2","#72ad4c"],"showDataLabel":true}}],"labelField":"Collsion_Type","valueFields":["Percentage"],"sortOrder":{"isLabelAxis":true,"isAsc":true}}]}
